cluster,count,avg_trace_length,avg_duration,std_duration,avg_length,std_length
0,7,7.0,1114817.142857143,425513.42521884805,7.0,0.0
1,4,6.0,540821.0,196664.62098540584,6.0,0.0
2,51,7.0,778807.2352941176,255665.63972185145,7.0,0.0
3,3,6.0,834898.0,185277.50704551267,6.0,0.0
4,5,7.0,1241516.2,180877.2844505357,7.0,0.0
