method,train_f1,train_ari,n_clusters_train,noise_train,size_train,test_f1,test_ari,n_clusters_test,noise_test,size_test
bow,0.1322981366459627,0.1084894014742708,5,0.0,70,0.3722943722943723,0.31239769910676707,2,0.0,30
act2vec,0.3967137671765621,0.03948781103953518,4,0.0,70,0.2153846153846154,0.19731451715854098,3,0.0,30
graph2vec,0.18498483316481293,0.041888680103305966,8,22.857142857142858,70,0.10980392156862745,0.0046044370029300966,8,23.333333333333332,30
